<?xml version="1.0" encoding="UTF-8"?>
<!DOCTYPE mapper PUBLIC "-//mybatis.org//DTD Mapper 3.0//EN" "http://mybatis.org/dtd/mybatis-3-mapper.dtd">
<mapper namespace="im.zhaojun.zfile.admin.mapper.PasswordConfigMapper">
  <resultMap id="BaseResultMap" type="im.zhaojun.zfile.admin.model.entity.PasswordConfig">
    <!--@mbg.generated-->
    <!--@Table "password_config"-->
    <id column="id" jdbcType="INTEGER" property="id" />
    <result column="storage_id" jdbcType="INTEGER" property="storageId" />
    <result column="expression" jdbcType="VARCHAR" property="expression" />
    <result column="password" jdbcType="VARCHAR" property="password" />
    <result column="description" jdbcType="VARCHAR" property="description" />
  </resultMap>
  <sql id="Base_Column_List">
    <!--@mbg.generated-->
    `id`, `storage_id`, `expression`, `password`, `description`
  </sql>

  <!--auto generated by MybatisCodeHelper on 2022-01-29-->
  <select id="findByStorageId" resultMap="BaseResultMap">
    select
    <include refid="Base_Column_List"/>
    from password_config
    where storage_id=#{storageId,jdbcType=INTEGER}
  </select>

  <!--auto generated by MybatisCodeHelper on 2022-01-29-->
  <delete id="deleteByStorageId">
    delete from password_config
    where storage_id=#{storageId,jdbcType=INTEGER}
  </delete>

</mapper>